中国工商银行,牡丹灵通卡,620302
中国工商银行,牡丹灵通卡,620402
中国工商银行,牡丹灵通卡,620403
中国工商银行,牡丹灵通卡,620404
中国工商银行,牡丹灵通卡,620406
中国工商银行,牡丹灵通卡,620407
中国工商银行,牡丹灵通卡,620409
中国工商银行,牡丹灵通卡,620410
中国工商银行,牡丹灵通卡,620411
中国工商银行,牡丹灵通卡,620412
中国工商银行,牡丹灵通卡,620502
中国工商银行,牡丹灵通卡,620503
中国工商银行,牡丹灵通卡,620405
中国工商银行,牡丹灵通卡,620408
中国工商银行,牡丹灵通卡,620512
中国工商银行,牡丹灵通卡,620602
中国工商银行,牡丹灵通卡,620604
中国工商银行,牡丹灵通卡,620607
中国工商银行,牡丹灵通卡,620611
中国工商银行,牡丹灵通卡,620612
中国工商银行,牡丹灵通卡,620704
中国工商银行,牡丹灵通卡,620706
中国工商银行,牡丹灵通卡,620707
中国工商银行,牡丹灵通卡,620708
中国工商银行,牡丹灵通卡,620709
中国工商银行,牡丹灵通卡,620710
中国工商银行,牡丹灵通卡,620609
中国工商银行,牡丹灵通卡,620712
中国工商银行,牡丹灵通卡,620713
中国工商银行,牡丹灵通卡,620714
中国工商银行,牡丹灵通卡,620802
中国工商银行,牡丹灵通卡,620711
中国工商银行,牡丹灵通卡,620904
中国工商银行,牡丹灵通卡,620905
中国工商银行,牡丹灵通卡,621001
中国工商银行,牡丹灵通卡,620902
中国工商银行,牡丹灵通卡,621103
中国工商银行,牡丹灵通卡,621105
中国工商银行,牡丹灵通卡,621106
中国工商银行,牡丹灵通卡,621107
中国工商银行,牡丹灵通卡,621102
中国工商银行,牡丹灵通卡,621203
中国工商银行,牡丹灵通卡,621204
中国工商银行,牡丹灵通卡,621205
中国工商银行,牡丹灵通卡,621206
中国工商银行,牡丹灵通卡,621207
中国工商银行,牡丹灵通卡,621208
中国工商银行,牡丹灵通卡,621209
中国工商银行,牡丹灵通卡,621210
中国工商银行,牡丹灵通卡,621302
中国工商银行,牡丹灵通卡,621303
中国工商银行,牡丹灵通卡,621202
中国工商银行,牡丹灵通卡,621305
中国工商银行,牡丹灵通卡,621306
中国工商银行,牡丹灵通卡,621307
中国工商银行,牡丹灵通卡,621309
中国工商银行,牡丹灵通卡,621311
中国工商银行,牡丹灵通卡,621313
中国工商银行,牡丹灵通卡,621211
中国工商银行,牡丹灵通卡,621315
中国工商银行,牡丹灵通卡,621404
中国工商银行,牡丹灵通卡,621405
中国工商银行,牡丹灵通卡,621406
中国工商银行,牡丹灵通卡,621407
中国工商银行,牡丹灵通卡,621408
中国工商银行,牡丹灵通卡,621409
中国工商银行,牡丹灵通卡,621410
中国工商银行,牡丹灵通卡,621502
中国工商银行,牡丹灵通卡,621317
中国工商银行,牡丹灵通卡,621511
中国工商银行,牡丹灵通卡,621602
中国工商银行,牡丹灵通卡,621603
中国工商银行,牡丹灵通卡,621604
中国工商银行,牡丹灵通卡,621605
中国工商银行,牡丹灵通卡,621608
中国工商银行,牡丹灵通卡,621609
中国工商银行,牡丹灵通卡,621610
中国工商银行,牡丹灵通卡,621611
中国工商银行,牡丹灵通卡,621612
中国工商银行,牡丹灵通卡,621613
中国工商银行,牡丹灵通卡,621614
中国工商银行,牡丹灵通卡,621615
中国工商银行,牡丹灵通卡,621616
中国工商银行,牡丹灵通卡,621617
中国工商银行,牡丹灵通卡,621607
中国工商银行,牡丹灵通卡,621606
中国工商银行,牡丹灵通卡,621804
中国工商银行,牡丹灵通卡,621807
中国工商银行,牡丹灵通卡,621813
中国工商银行,牡丹灵通卡,621814
中国工商银行,牡丹灵通卡,621817
中国工商银行,牡丹灵通卡,621901
中国工商银行,牡丹灵通卡,621904
中国工商银行,牡丹灵通卡,621905
中国工商银行,牡丹灵通卡,621906
中国工商银行,牡丹灵通卡,621907
中国工商银行,牡丹灵通卡,621908
中国工商银行,牡丹灵通卡,621909
中国工商银行,牡丹灵通卡,621910
中国工商银行,牡丹灵通卡,621911
中国工商银行,牡丹灵通卡,621912
中国工商银行,牡丹灵通卡,621913
中国工商银行,牡丹灵通卡,621915
中国工商银行,牡丹灵通卡,622002
中国工商银行,牡丹灵通卡,621903
中国工商银行,牡丹灵通卡,622004
中国工商银行,牡丹灵通卡,622005
中国工商银行,牡丹灵通卡,622006
中国工商银行,牡丹灵通卡,622007
中国工商银行,牡丹灵通卡,622008
中国工商银行,牡丹灵通卡,622010
中国工商银行,牡丹灵通卡,622011
中国工商银行,牡丹灵通卡,622012
中国工商银行,牡丹灵通卡,621914
中国工商银行,牡丹灵通卡,622015
中国工商银行,牡丹灵通卡,622016
中国工商银行,牡丹灵通卡,622003
中国工商银行,牡丹灵通卡,622018
中国工商银行,牡丹灵通卡,622019
中国工商银行,牡丹灵通卡,622020
中国工商银行,牡丹灵通卡,622102
中国工商银行,牡丹灵通卡,622103
中国工商银行,牡丹灵通卡,620200
中国工商银行,牡丹灵通卡,622013
中国工商银行,牡丹灵通卡,622111
中国工商银行,牡丹灵通卡,622114
中国工商银行,牡丹灵通卡,622017
中国工商银行,牡丹灵通卡,622110
中国工商银行,牡丹灵通卡,622303
中国工商银行,牡丹灵通卡,622304
中国工商银行,牡丹灵通卡,622305
中国工商银行,牡丹灵通卡,622306
中国工商银行,牡丹灵通卡,622307
中国工商银行,牡丹灵通卡,622308
中国工商银行,牡丹灵通卡,622309
中国工商银行,牡丹灵通卡,622314
中国工商银行,牡丹灵通卡,622315
中国工商银行,牡丹灵通卡,622317
中国工商银行,牡丹灵通卡,622302
中国工商银行,牡丹灵通卡,622402
中国工商银行,牡丹灵通卡,622403
中国工商银行,牡丹灵通卡,622404
中国工商银行,牡丹灵通卡,622313
中国工商银行,牡丹灵通卡,622504
中国工商银行,牡丹灵通卡,622505
中国工商银行,牡丹灵通卡,622509
中国工商银行,牡丹灵通卡,622513
中国工商银行,牡丹灵通卡,622502
中国工商银行,牡丹灵通卡,622604
中国工商银行,牡丹灵通卡,622605
中国工商银行,牡丹灵通卡,622606
中国工商银行,牡丹灵通卡,622510
中国工商银行,牡丹灵通卡,622703
中国工商银行,牡丹灵通卡,622715
中国工商银行,牡丹灵通卡,622806
中国工商银行,牡丹灵通卡,622902
中国工商银行,牡丹灵通卡,622903
中国工商银行,牡丹灵通卡,622706
中国工商银行,牡丹灵通卡,621304
中国工商银行,牡丹灵通卡,621402
中国工商银行,牡丹灵通卡,623008
中国工商银行,牡丹灵通卡,623011
中国工商银行,牡丹灵通卡,623012
中国工商银行,牡丹灵通卡,622904
中国工商银行,牡丹灵通卡,623015
中国工商银行,牡丹灵通卡,623100
中国工商银行,牡丹灵通卡,623202
中国工商银行,牡丹灵通卡,623301
中国工商银行,牡丹灵通卡,623400
中国工商银行,牡丹灵通卡,623500
中国工商银行,牡丹灵通卡,623602
中国工商银行,牡丹灵通卡,623803
中国工商银行,牡丹灵通卡,623901
中国工商银行,牡丹灵通卡,623014
中国工商银行,牡丹灵通卡,624100
中国工商银行,牡丹灵通卡,624200
中国工商银行,牡丹灵通卡,624301
中国工商银行,牡丹灵通卡,624402
中国工商银行,牡丹灵通卡,623700
中国工商银行,牡丹灵通卡,624000
中国工商银行,牡丹灵通卡,622104
中国工商银行,牡丹灵通卡,622105
中国工商银行,牡丹灵通卡,623002
中国工商银行,牡丹灵通卡,623006
中国工商银行,借记卡,623062
中国工商银行,借记卡,621376
中国工商银行,借记卡,621423
中国工商银行,借记卡,621428
中国工商银行,借记卡,621434
中国工商银行,借记卡,621761
中国工商银行,借记卡,621749
中国工商银行,借记卡,621300
中国工商银行,借记卡,621378
中国工商银行,借记卡,621379
中国工商银行,借记卡,621720
中国工商银行,借记卡,621762
中国工商银行,借记卡,621240
中国工商银行,借记卡,621724
中国工商银行,借记卡,621371
中国工商银行,借记卡,621414
中国工商银行,借记卡,621375
中国工商银行,借记卡,621734
中国工商银行,借记卡,621433
中国工商银行,借记卡,621370
中国工商银行,借记卡,621733
中国工商银行,借记卡,621732
中国工商银行,借记卡,621764
中国工商银行,借记卡,621372
中国工商银行,借记卡,621765
中国工商银行,借记卡,621369
中国工商银行,借记卡,621750
中国工商银行,借记卡,621377
中国工商银行,借记卡,621367
中国工商银行,借记卡,621374
中国工商银行,借记卡,621781
中国工商银行,贷记卡,625929
中国工商银行,贷记卡,625927
中国工商银行,贷记卡,625930
中国工商银行,贷记卡,625114
中国工商银行,贷记卡,625021
中国工商银行,贷记卡,625022
中国工商银行,贷记卡,622159
中国工商银行,贷记卡,625932
中国工商银行,贷记卡,625931
中国工商银行,贷记卡,625113
中国工商银行,贷记卡,625914
中国工商银行,贷记卡,625928
中国工商银行,贷记卡,625986
中国工商银行,贷记卡,625925
中国工商银行,贷记卡,625921
中国工商银行,贷记卡,625926
中国工商银行,贷记卡,625917
中国工商银行,贷记卡,622158
中国工商银行,贷记卡,625922
中国工商银行,贷记卡,625933
中国工商银行,贷记卡,625920
中国工商银行,贷记卡,625924
中国工商银行,预付卡,620054
中国工商银行,预付卡,620142
中国工商银行,预付卡,620114
中国工商银行,预付卡,620146
中国工商银行,预付卡,620143
中国工商银行,预付卡,620149
中国工商银行,预付卡,620187
中国工商银行,预付卡,620124
中国工商银行,预付卡,620183
中国工商银行,预付卡,620094
中国工商银行,预付卡,620186
中国工商银行,预付卡,620046
中国工商银行,预付卡,620148
中国工商银行,预付卡,620185
中国工商银行,牡丹VISA信用卡,427018
中国工商银行,牡丹VISA信用卡,427020
中国工商银行,牡丹VISA信用卡,427029
中国工商银行,牡丹VISA信用卡,427030
中国工商银行,牡丹VISA信用卡,427039
中国工商银行,牡丹VISA信用卡,438125
中国工商银行,牡丹VISA信用卡,427062
中国工商银行,牡丹VISA信用卡,427064
中国工商银行,E时代卡,622202
中国工商银行,E时代卡,622203
中国工商银行,E时代卡,622926
中国工商银行,E时代卡,622927
中国工商银行,E时代卡,622928
中国工商银行,准贷记卡(个普),622210
中国工商银行,准贷记卡(个普),622211
中国工商银行,准贷记卡(个普),622212
中国工商银行,准贷记卡(个普),622213
中国工商银行,准贷记卡(个普),622214
中国工商银行,国航知音牡丹信用卡,526836
中国工商银行,国航知音牡丹信用卡,513685
中国工商银行,国航知音牡丹信用卡,543098
中国工商银行,国航知音牡丹信用卡,458441
中国工商银行,国际借记卡,402791
中国工商银行,国际借记卡,427028
中国工商银行,国际借记卡,427038
中国工商银行,国际借记卡,548259
中国工商银行,灵通卡,622200
中国工商银行,灵通卡,621722
中国工商银行,灵通卡,621723
中国工商银行,灵通卡,621721
中国工商银行,牡丹JCB信用卡,356879
中国工商银行,牡丹JCB信用卡,356880
中国工商银行,牡丹JCB信用卡,356881
中国工商银行,牡丹JCB信用卡,356882
中国工商银行,牡丹贷记卡,62451804
中国工商银行,牡丹贷记卡,62451810
中国工商银行,牡丹贷记卡,62451811
中国工商银行,牡丹贷记卡,62458071
中国工商银行,牡丹贷记卡(银联卡),451804
中国工商银行,牡丹贷记卡(银联卡),451810
中国工商银行,牡丹贷记卡(银联卡),451811
中国工商银行,牡丹贷记卡(银联卡),458071
中国工商银行,牡丹卡(个人卡),622231
中国工商银行,牡丹卡(个人卡),622232
中国工商银行,牡丹卡(个人卡),622233
中国工商银行,牡丹卡(个人卡),622234
中国工商银行,理财金账户,622929
中国工商银行,理财金账户,622930
中国工商银行,理财金账户,622931
中国工商银行,牡丹多币种卡,528856
中国工商银行,牡丹多币种卡,524374
中国工商银行,牡丹多币种卡,550213
中国工商银行,牡丹交通卡,622237
中国工商银行,牡丹交通卡,622239
中国工商银行,牡丹交通卡,622238
中国工商银行,牡丹卡(商务卡),622223
中国工商银行,牡丹卡(商务卡),622229
中国工商银行,牡丹卡(商务卡),622224
中国工商银行,牡丹欧元卡,489734
中国工商银行,牡丹欧元卡,489735
中国工商银行,牡丹欧元卡,489736
中国工商银行,牡丹万事达信用卡,530970
中国工商银行,牡丹万事达信用卡,530990
中国工商银行,牡丹万事达信用卡,558360
中国工商银行,牡丹运通卡金卡,370249
中国工商银行,牡丹运通卡金卡,370246
中国工商银行,牡丹运通卡金卡,370248
中国工商银行,中国旅游卡,625330
中国工商银行,中国旅游卡,625331
中国工商银行,中国旅游卡,625332
中国工商银行,福农灵通卡,621558
中国工商银行,福农灵通卡,621559
中国工商银行,港币信用卡,625916
中国工商银行,港币信用卡,625915
中国工商银行,牡丹VISA卡(单位卡),427010
中国工商银行,牡丹VISA卡(单位卡),427019
中国工商银行,牡丹百夫长信用卡,374738
中国工商银行,牡丹百夫长信用卡,374739
中国工商银行,牡丹东航联名卡,544210
中国工商银行,牡丹东航联名卡,548943
中国工商银行,牡丹卡普卡,621225
中国工商银行,牡丹卡普卡,621226
中国工商银行,牡丹信用卡,6245806
中国工商银行,牡丹信用卡,6253098
中国工商银行,牡丹信用卡(银联卡),45806
中国工商银行,牡丹信用卡(银联卡),53098
中国工商银行,信用卡,625939
中国工商银行,信用卡,625987
中国工商银行,CNYEasylinkCard,622944
中国工商银行,EliteClubATMCard,622949
中国工商银行,ICBC Credit Card,625900
中国工商银行,ICBC(Asia) Credit,622889
中国工商银行,白金卡,625019
中国工商银行,财政预算单位公务卡,628286
中国工商银行,贷记卡(个金),622235
中国工商银行,贷记卡(个普),622230
中国工商银行,贷记卡(商金),622245
中国工商银行,贷记卡(商普),622240
中国工商银行,工行东京借记卡,621730
中国工商银行,工银财富卡,621288
中国工商银行,工银伦敦借记卡,621731
中国工商银行,工银亚洲预付卡,620030
中国工商银行,工银越南盾借记卡,621763
中国工商银行,工银越南盾信用卡,625934
中国工商银行,海航信用卡,524091
中国工商银行,海航信用卡个人普卡,525498
中国工商银行,借贷合一卡,622236
中国工商银行,金卡,625018
中国工商银行,理财金卡,622208
中国工商银行,理财金账户金卡,621227
中国工商银行,牡丹VISA白金卡,438126
中国工商银行,牡丹卡白金卡,622206
中国工商银行,牡丹灵通卡(银联卡),9558
中国工商银行,牡丹宁波市民卡,900010
中国工商银行,牡丹社会保障卡,900000
中国工商银行,牡丹万事达白金卡,524047
中国工商银行,牡丹万事达国际借记卡,510529
中国工商银行,牡丹运通白金卡,370267
中国工商银行,牡丹运通卡普通卡,370247
中国工商银行,普卡,625017
中国工商银行,普通高中学生资助卡,621670
中国工商银行,武警军人保障卡,621618
中国工商银行,银联标准卡,620058
中国工商银行,印尼盾复合卡,622171
中国工商银行,预付芯片卡,620516
中国工商银行,中国旅行卡,620086
中国工商银行,中央预算单位公务卡,628288
中国工商银行,中职学生资助卡,621281
中国工商银行,专用信用消费卡,622246
中国工商银行,准贷记卡(个金),622215
中国工商银行,准贷记卡(商金),622225
中国工商银行,准贷记卡(商普),622220
中国银行,借记卡,621294
中国银行,借记卡,621293
中国银行,借记卡,621342
中国银行,借记卡,621343
中国银行,借记卡,621394
中国银行,借记卡,621364
中国银行,借记卡,621648
中国银行,借记卡,621248
中国银行,借记卡,621249
中国银行,借记卡,621638
中国银行,借记卡,621334
中国银行,借记卡,621395
中国银行,长城信用卡,524865
中国银行,长城信用卡,525745
中国银行,长城信用卡,525746
中国银行,长城信用卡,524864
中国银行,长城信用卡,622759
中国银行,长城信用卡,622761
中国银行,长城信用卡,622762
中国银行,长城信用卡,622763
中国银行,长城人民币信用卡,622752
中国银行,长城人民币信用卡,622753
中国银行,长城人民币信用卡,622755
中国银行,长城人民币信用卡,622757
中国银行,长城人民币信用卡,622758
中国银行,长城人民币信用卡,622756
中国银行,长城人民币信用卡,622754
中国银行,中银万事达信用卡,512315
中国银行,中银万事达信用卡,512316
中国银行,中银万事达信用卡,512411
中国银行,中银万事达信用卡,512412
中国银行,中银万事达信用卡,514957
中国银行,中银万事达信用卡,558868
中国银行,中银万事达信用卡,514958
中国银行,长城万事达信用卡,518378
中国银行,长城万事达信用卡,518379
中国银行,长城万事达信用卡,518474
中国银行,长城万事达信用卡,518475
中国银行,长城万事达信用卡,518476
中国银行,长城万事达信用卡,547766
中国银行,预付卡,620026
中国银行,预付卡,620025
中国银行,预付卡,620531
中国银行,预付卡,620019
中国银行,预付卡,620035
中国银行,长城公务卡,409672
中国银行,长城公务卡,552742
中国银行,长城公务卡,553131
中国银行,中银卡,622771
中国银行,中银卡,622770
中国银行,中银卡,622772
中国银行,中银威士信用卡员,409668
中国银行,中银威士信用卡员,409669
中国银行,中银威士信用卡员,409667
中国银行,澳门币贷记卡,625141
中国银行,澳门币贷记卡,625143
中国银行,澳门中国银行银联预付卡,620211
中国银行,澳门中国银行银联预付卡,620210
中国银行,个人普卡,621661
中国银行,个人普卡,409666
中国银行,借记IC个人普卡,621787
中国银行,借记IC个人普卡,621785
中国银行,人民币信用卡,622751
中国银行,人民币信用卡,622750
中国银行,社保联名借记IC卡,621756
中国银行,社保联名借记IC卡,621757
中国银行,社保联名卡,621330
中国银行,社保联名卡,621331
中国银行,医保联名借记IC卡,621758
中国银行,医保联名借记IC卡,621759
中国银行,医保联名卡,621332
中国银行,医保联名卡,621333
中国银行,员工普卡,621663
中国银行,员工普卡,409665
中国银行,长城电子借记卡,456351
中国银行,长城电子借记卡,601382
中国银行,中国银行银联预付卡,620202
中国银行,中国银行银联预付卡,620203
中国银行,中行金融IC卡白金卡,625908
中国银行,中行金融IC卡白金卡,625907
中国银行,中行金融IC卡金卡,625909
中国银行,中行金融IC卡金卡,625906
中国银行,中行金融IC卡普卡,625910
中国银行,中行金融IC卡普卡,625905
中国银行,中银银联双币信用卡,625040
中国银行,中银银联双币信用卡,625042
中国银行,BOCCUPPLATINUMCARD,622789
中国银行,白金卡,622788
中国银行,财富卡,622480
中国银行,财互通卡,621212
中国银行,电子现金卡,620514
中国银行,个人白金卡,409670
中国银行,个人金卡,621662
中国银行,公司借记卡,621297
中国银行,接触式晶片借记卡,621741
中国银行,接触式银联双币预制晶片借记卡,623040
中国银行,借记IC白金卡,621788
中国银行,借记IC个人金卡,621786
中国银行,借记IC联名卡,621790
中国银行,借记IC钻石卡,621789
中国银行,借记卡普卡,621215
中国银行,金融IC卡,621725
中国银行,理财白金卡,621666
中国银行,理财金卡,621668
中国银行,理财普卡,621667
中国银行,理财银卡,621669
中国银行,联名卡,621660
中国银行,普通高中学生资助卡,621672
中国银行,人民币信用卡金卡,622346
中国银行,商务金卡,625055
中国银行,世界卡,558869
中国银行,双币种借记卡,621231
中国银行,武警军人保障卡,621620
中国银行,信用卡普通卡,622347
中国银行,熊猫卡,622479
中国银行,一卡双账户普卡,621256
中国银行,银联澳门币卡,622274
中国银行,银联标准公务卡,628388
中国银行,银联标准卡,620061
中国银行,银联单币贷记卡,622760
中国银行,银联港币借记卡,621041
中国银行,银联港币卡,622273
中国银行,银联美运顶级卡,377677
中国银行,员工金卡,621665
中国银行,长城单位信用卡金卡,622765
中国银行,长城单位信用卡普卡,622764
中国银行,长城福农借记卡金卡,621568
中国银行,长城福农借记卡普卡,621569
中国银行,长城宁波市民卡,620513
中国银行,长城社会保障卡,620040
中国银行,长城信用卡环球通,625140
中国银行,长城银联公务IC卡白金卡,628313
中国银行,长城银联公务IC卡金卡,628312
中国银行,中国旅游卡,623208
中国银行,中银JCB卡金卡,356833
中国银行,中银JCB卡普卡,356835
中国银行,中银奥运信用卡,438088
中国银行,中银卡(人民币),622348
中国银行,中银旅游信用卡,625333
中国银行,中银女性主题信用卡,518377
中国银行,中银威士信用卡,409671
中国银行,中银银联双币商务卡,625145
中国银行,中职学生资助卡,621283
中国建设银行,龙卡信用卡,5453242
中国建设银行,龙卡信用卡,5491031
中国建设银行,龙卡信用卡,553242
中国建设银行,龙卡信用卡,5544033
中国建设银行,乐当家,524094
中国建设银行,乐当家,526410
中国建设银行,乐当家,53243
中国建设银行,龙卡贷记卡,436738
中国建设银行,龙卡贷记卡,558895
中国建设银行,龙卡贷记卡,552801
中国建设银行,银联卡,622675
中国建设银行,银联卡,622676
中国建设银行,银联卡,622677
中国建设银行,建行陆港通龙卡,621082
中国建设银行,建行陆港通龙卡,621083
中国建设银行,乐当家白金卡,434062
中国建设银行,乐当家白金卡,552245
中国建设银行,理财白金卡,621466
中国建设银行,理财白金卡,622966
中国建设银行,理财金卡,621499
中国建设银行,理财金卡,622988
中国建设银行,龙卡IC公务卡,628316
中国建设银行,龙卡IC公务卡,628317
中国建设银行,中国旅游卡,625363
中国建设银行,中国旅游卡,625362
中国建设银行,MASTER准贷记卡,53242
中国建设银行,VISA白金信用卡,489592
中国建设银行,VISA准贷记金卡,491031
中国建设银行,VISA准贷记卡(银联卡),453242
中国建设银行,财富卡私人银行卡,621488
中国建设银行,福农卡,621598
中国建设银行,借记卡,621487
中国建设银行,金融IC卡,621081
中国建设银行,金融复合IC卡,589970
中国建设银行,扣款卡,621084
中国建设银行,乐当家金卡VISA,434061
中国建设银行,乐当家银卡VISA,421349
中国建设银行,龙卡IC信用卡白金卡,625966
中国建设银行,龙卡IC信用卡金卡,625965
中国建设银行,龙卡IC信用卡普卡,625964
中国建设银行,龙卡JCB白金卡,356899
中国建设银行,龙卡JCB金卡,356896
中国建设银行,龙卡JCB普卡,356895
中国建设银行,龙卡储蓄卡,436742
中国建设银行,龙卡储蓄卡(银联卡),622700
中国建设银行,龙卡贷记卡公司卡,436718
中国建设银行,龙卡国际白金卡,531693
中国建设银行,龙卡国际金卡MASTER,532458
中国建设银行,龙卡国际金卡VISA,436748
中国建设银行,龙卡国际普通卡MASTER,532450
中国建设银行,龙卡国际普通卡VISA,436745
中国建设银行,龙卡普通卡VISA,436728
中国建设银行,龙卡人民币白金卡,622708
中国建设银行,龙卡人民币信用金卡,622168
中国建设银行,龙卡人民币信用卡,622166
中国建设银行,龙卡通,621700
中国建设银行,龙卡万事达白金卡,557080
中国建设银行,龙卡万事达金卡,544887
中国建设银行,龙卡万事达信用卡,559051
中国建设银行,龙卡银联公务卡金卡,628366
中国建设银行,龙卡银联公务卡普卡,628266
中国建设银行,龙卡准贷记卡,622725
中国建设银行,龙卡准贷记卡金卡,622728
中国建设银行,人民币卡(银联卡),622382
中国建设银行,人民币信用卡,622381
中国建设银行,社保IC卡,621467
中国建设银行,武警军人保障卡,621621
中国建设银行,银联标准卡,620060
中国建设银行,银联储蓄卡,622280
中国建设银行,银联理财钻石卡,621080
中国建设银行,预付卡,620107
中国建设银行,中职学生资助卡,621284
中国建设银行,准贷记金卡,544033
中国建设银行,准贷记卡,622707
中国建设银行,准贷记卡金卡,625956
中国建设银行,准贷记卡普卡,625955
上海浦东发展银行,东方卡,84301
上海浦东发展银行,东方卡,84336
上海浦东发展银行,东方卡,622500
上海浦东发展银行,东方卡,84373
上海浦东发展银行,东方卡,84385
上海浦东发展银行,东方卡,84390
上海浦东发展银行,东方卡,87000
上海浦东发展银行,东方卡,87010
上海浦东发展银行,东方卡,87030
上海浦东发展银行,东方卡,87040
上海浦东发展银行,东方卡,84380
上海浦东发展银行,东方卡,984301
上海浦东发展银行,东方卡,984303
上海浦东发展银行,东方卡,84361
上海浦东发展银行,东方卡,87050
上海浦东发展银行,东方卡,84342
上海浦东发展银行,贷记卡,625957
上海浦东发展银行,贷记卡,625958
上海浦东发展银行,贷记卡,625970
上海浦东发展银行,东方卡(银联卡),622522
上海浦东发展银行,东方卡(银联卡),622523
上海浦东发展银行,东方卡(银联卡),622521
上海浦东发展银行,东方轻松理财卡,622516
上海浦东发展银行,东方轻松理财卡,622518
上海浦东发展银行,浦发单币卡,622176
上海浦东发展银行,浦发单币卡,622177
上海浦东发展银行,VISA白金信用卡,498451
上海浦东发展银行,电子现金卡（IC卡）,620530
上海浦东发展银行,东方-标准准贷记卡,622519
上海浦东发展银行,东方借记卡（复合卡）,621791
上海浦东发展银行,东方-轻松理财卡普卡,622517
上海浦东发展银行,东方轻松理财智业金卡,622520
上海浦东发展银行,公务卡金卡,628222
上海浦东发展银行,公务卡普卡,628221
上海浦东发展银行,浦发JCB白金卡,356852
上海浦东发展银行,浦发JCB金卡,356851
上海浦东发展银行,浦发JCB普卡,356850
上海浦东发展银行,浦发联名信用卡,622276
上海浦东发展银行,浦发私人银行信用卡,377187
上海浦东发展银行,浦发万事达白金卡,515672
上海浦东发展银行,浦发万事达金卡,517650
上海浦东发展银行,浦发万事达普卡,525998
上海浦东发展银行,浦发银行VISA年青卡,456418
上海浦东发展银行,浦发银联白金卡,622228
上海浦东发展银行,浦发银联单币麦兜普卡,622277
上海浦东发展银行,轻松理财白金卡（复合卡）,621795
上海浦东发展银行,轻松理财金卡（复合卡）,621793
上海浦东发展银行,轻松理财普卡,621352
上海浦东发展银行,轻松理财普卡（复合卡）,621792
上海浦东发展银行,轻松理财消贷易卡,621390
上海浦东发展银行,轻松理财钻石卡（复合卡）,621796
上海浦东发展银行,信用卡VISA金卡,404739
上海浦东发展银行,信用卡VISA普通,404738
上海浦东发展银行,移动联名卡,621351
上海浦东发展银行,移动浦发借贷合一联名卡,625971
上海浦东发展银行,移动浦发联名卡,625993
招商银行,招商银行信用卡,356885
招商银行,招商银行信用卡,356886
招商银行,招商银行信用卡,356887
招商银行,招商银行信用卡,356888
招商银行,招商银行信用卡,356890
招商银行,招商银行信用卡,439188
招商银行,招商银行信用卡,479228
招商银行,招商银行信用卡,479229
招商银行,招商银行信用卡,356889
招商银行,招商银行信用卡,552534
招商银行,招商银行信用卡,552587
招商银行,招商银行信用卡,622575
招商银行,招商银行信用卡,622576
招商银行,招商银行信用卡,622577
招商银行,招商银行信用卡,622578
招商银行,招商银行信用卡,622579
招商银行,招商银行信用卡,622581
招商银行,招商银行信用卡,622582
招商银行,万事达信用卡,545620
招商银行,万事达信用卡,545621
招商银行,万事达信用卡,545947
招商银行,万事达信用卡,545948
招商银行,万事达信用卡,545619
招商银行,万事达信用卡,545623
招商银行,招行国际卡(银联卡),410062
招商银行,招行国际卡(银联卡),468203
招商银行,招行国际卡(银联卡),512425
招商银行,招行国际卡(银联卡),524011
招商银行,一卡通(银联卡),622580
招商银行,一卡通(银联卡),622588
招商银行,一卡通(银联卡),95555
招商银行,VISA信用卡,439225
招商银行,VISA信用卡,439226
招商银行,芯片IC信用卡,625802
招商银行,芯片IC信用卡,625803
招商银行,招行一卡通,690755
招商银行,招行一卡通,690755
招商银行,MASTER信用金卡,518718
招商银行,MASTER信用卡,518710
招商银行,VISA商务信用卡,439227
招商银行,电子现金卡,620520
招商银行,公司卡(银联卡),622598
招商银行,金卡,622609
招商银行,金葵花卡,621286
招商银行,两地一卡通,402658
招商银行,美国运通金卡,370286
招商银行,美国运通绿卡,370285
招商银行,美国运通商务金卡,370289
招商银行,美国运通商务绿卡,370287
招商银行,世纪金花联名信用卡,521302
招商银行,香港一卡通,621299
招商银行,银联IC金卡,621485
招商银行,银联IC普卡,621483
招商银行,银联标准财政公务卡,628262
招商银行,银联标准公务卡(金卡),628362
招商银行,银联金葵花IC卡,621486
中信银行,中信贷记卡,518212
中信银行,中信贷记卡,556617
中信银行,中信贷记卡,558916
中信银行,中信贷记卡,433666
中信银行,中信贷记卡,520108
中信银行,中信贷记卡,403393
中信银行,中信贷记卡,514906
中信银行,中信贷记卡,433669
中信银行,中信贷记卡,433668
中信银行,中信贷记卡,433667
中信银行,中信贷记卡,404157
中信银行,中信贷记卡,404174
中信银行,中信贷记卡,404173
中信银行,中信贷记卡,404172
中信银行,中信贷记卡,400360
中信银行,中信贷记卡,403391
中信银行,中信贷记卡,403392
中信银行,中信贷记卡,404158
中信银行,中信贷记卡,404159
中信银行,中信贷记卡,404171
中信银行,理财宝IC卡,621773
中信银行,理财宝IC卡,621767
中信银行,理财宝IC卡,621768
中信银行,理财宝IC卡,621770
中信银行,理财宝IC卡,621772
中信银行,中信银联标准贷记卡,622689
中信银行,中信银联标准贷记卡,622688
中信银行,中信银联标准贷记卡,622680
中信银行,中信银联标准贷记卡,622679
中信银行,中信银联标准贷记卡,622678
中信银行,中信JCB美元卡,356392
中信银行,中信JCB美元卡,356391
中信银行,中信JCB美元卡,356390
中信银行,中信贷记卡银联卡,376968
中信银行,中信贷记卡银联卡,376969
中信银行,中信贷记卡银联卡,376966
中信银行,中信借记卡,433670
中信银行,中信借记卡,433671
中信银行,中信借记卡,433680
中信银行,中信理财宝(银联卡),968807
中信银行,中信理财宝(银联卡),968808
中信银行,中信理财宝(银联卡),968809
中信银行,中信银联公务卡,628208
中信银行,中信银联公务卡,628209
中信银行,中信银联公务卡,628206
中信银行,中信国际借记卡,442729
中信银行,中信国际借记卡,442730
中信银行,中信借记卡(银联卡),622690
中信银行,中信借记卡(银联卡),622691
中信银行,中信钻石卡,622998
中信银行,中信钻石卡,622999
中信银行,借记卡,621771
中信银行,中国旅行卡,620082
中信银行,中信贵宾卡(银联卡),622692
中信银行,中信理财宝白金卡,622698
中信银行,中信理财宝金卡,622696
